Datum,Status,Job-Titel,Firma,Link,Beschreibung,Score,Anschreiben
2025-10-06,NEU,Cloud Security Engineer (m/w/d),SAP SE,https://de.indeed.com/viewjob?jk=example123,"Wir suchen einen erfahrenen Cloud Security Engineer zur Verstärkung unseres Teams. Ihre Aufgaben: Konzeption und Implementierung von Zero-Trust-Architekturen, Azure Security Management, DevSecOps Integration in CI/CD Pipelines. Anforderungen: Erfahrung mit Azure, Kenntnisse in Kubernetes und Container-Security, DevOps-Mindset.",9,
2025-10-06,BEREIT,DevSecOps Engineer - Azure & Kubernetes,Siemens AG,https://de.indeed.com/viewjob?jk=example456,"Für unser Security-Team suchen wir einen DevSecOps Engineer. Sie implementieren Security-in-Depth Strategien, automatisieren Security-Tests in CI/CD Pipelines (GitHub Actions, GitLab CI) und arbeiten eng mit unseren DevOps-Teams zusammen. Remote-Arbeit möglich.",8,"Sehr geehrte Damen und Herren,

mit großem Interesse habe ich Ihre Stellenausschreibung für die Position ""DevSecOps Engineer - Azure & Kubernetes"" gelesen.

Als Cloud-Security-Spezialist mit umfangreicher Weiterbildung in Cybersecurity, Microsoft Security Essentials und Generative AI bringe ich genau die Expertise mit, die Sie suchen. Meine fundierte Erfahrung mit Azure Security und nativen Cloud-Security-Lösungen ermöglichen es mir, Zero-Trust-Konzepte und Security-in-Depth-Strategien erfolgreich umzusetzen.

Meine Qualifikationen umfassen:
• Cloud Security & DevSecOps: Integration von Sicherheitsrichtlinien in CI/CD-Pipelines, praktische Projekterfahrung mit GitHub Actions und automatisierten Security-Tests
• Microsoft Security: Zertifizierungen in Microsoft Security Essentials und Security Copilot
• Container & Kubernetes Security: Erfahrung mit Container-Sicherheit, Image-Scanning und Security-Policies in Kubernetes-Umgebungen
• Kommunikation & Teamarbeit: Deutsch (C1), Englisch (Business-Level) und ausgeprägte Teamfähigkeit für die effektive Zusammenarbeit mit DevOps- und Entwicklungsteams

In aktuellen Projekten habe ich bereits CI/CD-Sicherheitsintegration mit SonarQube und GitHub Actions realisiert und Zero-Trust-Architekturen implementiert.

Gerne überzeuge ich Sie in einem persönlichen Gespräch von meiner Motivation und meinen Fähigkeiten. Die Möglichkeit zur Remote-Arbeit schätze ich sehr und habe bereits erfolgreich in verteilten Teams gearbeitet.

Ich freue mich auf Ihre Rückmeldung!

Mit freundlichen Grüßen
Alexander Kölnberger
Telefon: 0160 9223 4709
E-Mail: alexanderkoelnberger@gmail.com"
2025-10-06,SKIP,Junior Security Analyst,TechStart GmbH,https://de.indeed.com/viewjob?jk=example789,"Für unser junges Team suchen wir einen Junior Security Analyst. 1-2 Jahre Berufserfahrung erforderlich.",3,
2025-10-05,VERSENDET,Microsoft Security Specialist - Remote,Bosch,https://de.indeed.com/viewjob?jk=example321,"Sie sind Experte für Microsoft 365 Security, Azure AD und Security Copilot? Dann sind Sie bei uns richtig! Wir bieten 100% Remote-Arbeit, flexible Arbeitszeiten und die Möglichkeit an spannenden Security-Projekten zu arbeiten.",9,"Sehr geehrte Damen und Herren,

mit großem Interesse habe ich Ihre Stellenausschreibung für die Position ""Microsoft Security Specialist - Remote"" gelesen.

Als Cloud-Security-Spezialist mit umfangreicher Weiterbildung in Cybersecurity, Microsoft Security Essentials und Generative AI bringe ich genau die Expertise mit, die Sie suchen. Meine fundierte Erfahrung mit Azure Security und nativen Cloud-Security-Lösungen ermöglichen es mir, Zero-Trust-Konzepte und Security-in-Depth-Strategien erfolgreich umzusetzen.

Meine Qualifikationen umfassen:
• Cloud Security & DevSecOps: Integration von Sicherheitsrichtlinien in CI/CD-Pipelines
• AI-gestützte Security: Microsoft Security Copilot Zertifizierung und praktische Erfahrung mit KI-Agenten für automatisierte Incident Response und Threat Detection
• Sicherheitsanalyse & Monitoring: Threat-Modelling, Risikoanalysen
• Kommunikation & Teamarbeit: Deutsch (C1), Englisch (Business-Level) und ausgeprägte Teamfähigkeit für die effektive Zusammenarbeit mit DevOps- und Entwicklungsteams

In aktuellen Projekten habe ich bereits Security-Konzepte für Cloud-Infrastrukturen entwickelt sowie AI-gestützte Prototypen für schnellere Incident Response und intelligente Threat-Detection entwickelt.

Die in Ihrer Stellenausschreibung beschriebenen Aufgaben entsprechen exakt meinen Interessen und Qualifikationen. Gerne überzeuge ich Sie in einem persönlichen Gespräch von meiner Motivation und meinen Fähigkeiten. Die Möglichkeit zur Remote-Arbeit schätze ich sehr und habe bereits erfolgreich in verteilten Teams gearbeitet.

Ich freue mich auf Ihre Rückmeldung!

Mit freundlichen Grüßen
Alexander Kölnberger
Telefon: 0160 9223 4709
E-Mail: alexanderkoelnberger@gmail.com"
2025-10-05,ANTWORT,Cloud Security Architect,Telekom IT,https://de.indeed.com/viewjob?jk=example654,"Senior Cloud Security Architect gesucht. Planung und Implementierung von Enterprise Security Lösungen in AWS und Azure. Zero-Trust, SIEM, Compliance (ISO 27001, BSI C5).",10,
